workload,faces,pair,first,baseline_registration_ns,indexed_registration_ns,baseline_match_ns,indexed_match_ns,baseline_matched_face_slot,indexed_matched_face_slot
registered,1,1,baseline,44421,55317,9010,8102,,
registered,1,2,indexed,31500,32478,4820,4819,,
registered,1,3,baseline,40091,33875,6286,5239,,
registered,1,4,indexed,35272,33246,4750,4819,,
registered,1,5,baseline,30522,39532,4819,5169,,
registered,1,6,indexed,32967,39323,5238,5657,,
registered,1,7,baseline,35341,35271,4819,5308,,
registered,1,8,indexed,59158,36669,6216,4750,,
native,1,1,baseline,37786,44701,6146,8032,1,1
native,1,2,indexed,45679,33666,7194,6287,1,1
native,1,3,baseline,33456,33875,5727,6146,1,1
native,1,4,indexed,33875,33456,5728,5728,1,1
native,1,5,baseline,46516,43793,7683,7752,1,1
native,1,6,indexed,37786,36877,6146,5169,1,1
native,1,7,baseline,34364,34852,6146,8940,1,1
native,1,8,indexed,36739,41418,6146,5727,1,1
registered,4,1,baseline,40021,44002,8102,7473,,
registered,4,2,indexed,41977,63838,7683,9499,,
registered,4,3,baseline,43164,39532,7543,8242,,
registered,4,4,indexed,43443,41837,7613,7334,,
registered,4,5,baseline,40440,41138,7054,7054,,
registered,4,6,indexed,44631,43443,8102,7543,,
registered,4,7,baseline,39951,40091,7543,8102,,
registered,4,8,indexed,42047,41208,7613,7124,,
native,4,1,baseline,47634,60556,6286,7194,4,4
native,4,2,indexed,47145,49240,5657,5658,4,4
native,4,3,baseline,44841,46376,5866,5727,4,4
native,4,4,indexed,49939,46587,6007,5797,4,4
native,4,5,baseline,48053,50427,5727,5727,4,4
native,4,6,indexed,43723,49241,6216,5657,4,4
native,4,7,baseline,46307,51056,5728,6146,4,4
native,4,8,indexed,44491,47425,6216,5727,4,4
registered,16,1,baseline,70124,73616,21024,18299,,
registered,16,2,indexed,71940,72149,21582,17112,,
registered,16,3,baseline,61533,82067,20045,21512,,
registered,16,4,indexed,67330,69077,21442,17181,,
registered,16,5,baseline,64397,100646,20813,26052,,
registered,16,6,indexed,72080,75013,23397,18090,,
registered,16,7,baseline,74524,81648,20884,20395,,
registered,16,8,indexed,71870,76689,26751,17322,,
native,16,1,baseline,111193,92055,29614,16134,16,16
native,16,2,indexed,109796,88284,15156,10826,16,16
native,16,3,baseline,86747,117758,11594,14877,16,16
native,16,4,indexed,108887,86748,15157,11594,16,16
native,16,5,baseline,79134,92474,11943,12362,16,16
native,16,6,indexed,132146,92684,28217,11384,16,16
native,16,7,baseline,89540,141715,11525,15855,16,16
native,16,8,indexed,100436,85001,24376,11385,16,16
registered,64,1,baseline,182365,214353,113149,55177,,
registered,64,2,indexed,174681,205693,119644,52524,,
registered,64,3,baseline,189069,192003,120482,54828,,
registered,64,4,indexed,193260,224481,125441,63209,,
registered,64,5,baseline,168047,179710,114336,53780,,
registered,64,6,indexed,201851,217147,119714,54270,,
registered,64,7,baseline,186205,256190,115034,68239,,
registered,64,8,indexed,207927,260101,156941,55107,,
native,64,1,baseline,370247,371573,36249,32408,64,64
native,64,2,indexed,290694,297049,31500,29544,64,64
native,64,3,baseline,287690,317025,32967,30033,64,64
native,64,4,indexed,390013,308992,34713,37157,64,64
native,64,5,baseline,310180,285245,29056,33316,64,64
native,64,6,indexed,385752,307107,35342,27169,64,64
native,64,7,baseline,349712,373599,31011,44770,64,64
native,64,8,indexed,452454,390082,38275,29824,64,64
registered,128,1,baseline,459787,457762,345661,121251,,
registered,128,2,indexed,452244,416344,336442,123765,,
registered,128,3,baseline,422769,422350,349922,124743,,
registered,128,4,indexed,412852,480042,336162,123835,,
registered,128,5,baseline,453711,405239,331134,122088,,
registered,128,6,indexed,384076,434085,338118,121599,,
registered,128,7,baseline,490239,424376,427938,121390,,
registered,128,8,indexed,377231,414109,346150,117269,,
native,128,1,baseline,684896,806426,63489,72498,128,128
native,128,2,indexed,886678,713044,71591,67330,128,128
native,128,3,baseline,874595,853572,77597,92265,128,128
native,128,4,indexed,824376,800559,71870,67191,128,128
native,128,5,baseline,796788,800699,63907,89610,128,128
native,128,6,indexed,744614,759421,63419,68936,128,128
native,128,7,baseline,747408,772202,62232,65864,128,128
native,128,8,indexed,817880,839602,73547,74873,128,128
registered,240,1,baseline,818998,841838,1139515,199337,,
registered,240,2,indexed,811524,890379,1025110,228112,,
registered,240,3,baseline,794623,899599,1031256,216029,,
registered,240,4,indexed,936686,873407,1038799,203038,,
registered,240,5,baseline,864467,946675,1051790,215192,,
registered,240,6,indexed,775415,1199652,1030348,204645,,
registered,240,7,baseline,773180,944369,1033700,256679,,
registered,240,8,indexed,803633,862232,1029370,207718,,
native,240,1,baseline,1763508,1752681,127397,109726,240,240
native,240,2,indexed,1743881,1775032,108679,108399,240,240
native,240,3,baseline,1769164,1849556,110285,132704,240,240
native,240,4,indexed,1751773,2132706,124393,136826,240,240
native,240,5,baseline,1796055,1806252,107631,108330,240,240
native,240,6,indexed,1946710,1797731,113987,104068,240,240
native,240,7,baseline,1942240,2070684,111611,101554,240,240
native,240,8,indexed,1967384,1798708,116082,131867,240,240
