workload,faces,pair,version,scope,calls,allocated_bytes,deallocated_bytes,start_live_bytes,live_bytes,peak_extra_bytes,net_bytes
registered,1,1,baseline,match_cache_miss,15,2417,1976,100585,101026,1072,441
registered,1,1,baseline,registration,13,2814,248,98019,100585,2590,2566
registered,1,1,baseline,warm_cache_hit,2,42,42,101133,101133,42,0
registered,1,1,indexed,match_cache_miss,16,2435,1994,100943,101384,1090,441
registered,1,1,indexed,registration,15,3172,248,98019,100943,2948,2924
registered,1,1,indexed,warm_cache_hit,2,42,42,101491,101491,42,0
registered,1,2,indexed,match_cache_miss,16,2435,1994,100943,101384,1090,441
registered,1,2,indexed,registration,15,3172,248,98019,100943,2948,2924
registered,1,2,indexed,warm_cache_hit,2,42,42,101491,101491,42,0
registered,1,2,baseline,match_cache_miss,15,2417,1976,100585,101026,1072,441
registered,1,2,baseline,registration,13,2814,248,98019,100585,2590,2566
registered,1,2,baseline,warm_cache_hit,2,42,42,101133,101133,42,0
registered,1,3,baseline,match_cache_miss,15,2417,1976,100585,101026,1072,441
registered,1,3,baseline,registration,13,2814,248,98019,100585,2590,2566
registered,1,3,baseline,warm_cache_hit,2,42,42,101133,101133,42,0
registered,1,3,indexed,match_cache_miss,16,2435,1994,100943,101384,1090,441
registered,1,3,indexed,registration,15,3172,248,98019,100943,2948,2924
registered,1,3,indexed,warm_cache_hit,2,42,42,101491,101491,42,0
registered,1,4,indexed,match_cache_miss,16,2435,1994,100943,101384,1090,441
registered,1,4,indexed,registration,15,3172,248,98019,100943,2948,2924
registered,1,4,indexed,warm_cache_hit,2,42,42,101491,101491,42,0
registered,1,4,baseline,match_cache_miss,15,2417,1976,100585,101026,1072,441
registered,1,4,baseline,registration,13,2814,248,98019,100585,2590,2566
registered,1,4,baseline,warm_cache_hit,2,42,42,101133,101133,42,0
registered,1,5,baseline,match_cache_miss,15,2417,1976,100585,101026,1072,441
registered,1,5,baseline,registration,13,2814,248,98019,100585,2590,2566
registered,1,5,baseline,warm_cache_hit,2,42,42,101133,101133,42,0
registered,1,5,indexed,match_cache_miss,16,2435,1994,100943,101384,1090,441
registered,1,5,indexed,registration,15,3172,248,98019,100943,2948,2924
registered,1,5,indexed,warm_cache_hit,2,42,42,101491,101491,42,0
registered,4,1,baseline,match_cache_miss,36,5687,5120,393531,394098,1336,567
registered,4,1,baseline,registration,22,4564,1120,390087,393531,3540,3444
registered,4,1,baseline,warm_cache_hit,2,42,42,394335,394335,42,0
registered,4,1,indexed,match_cache_miss,40,5991,5424,394171,394738,1568,567
registered,4,1,indexed,registration,28,5448,1364,390087,394171,4424,4084
registered,4,1,indexed,warm_cache_hit,2,42,42,394975,394975,42,0
registered,4,2,indexed,match_cache_miss,40,5991,5424,394171,394738,1568,567
registered,4,2,indexed,registration,28,5448,1364,390087,394171,4424,4084
registered,4,2,indexed,warm_cache_hit,2,42,42,394975,394975,42,0
registered,4,2,baseline,match_cache_miss,36,5687,5120,393531,394098,1336,567
registered,4,2,baseline,registration,22,4564,1120,390087,393531,3540,3444
registered,4,2,baseline,warm_cache_hit,2,42,42,394335,394335,42,0
registered,4,3,baseline,match_cache_miss,36,5687,5120,393531,394098,1336,567
registered,4,3,baseline,registration,22,4564,1120,390087,393531,3540,3444
registered,4,3,baseline,warm_cache_hit,2,42,42,394335,394335,42,0
registered,4,3,indexed,match_cache_miss,40,5991,5424,394171,394738,1568,567
registered,4,3,indexed,registration,28,5448,1364,390087,394171,4424,4084
registered,4,3,indexed,warm_cache_hit,2,42,42,394975,394975,42,0
registered,4,4,indexed,match_cache_miss,40,5991,5424,394171,394738,1568,567
registered,4,4,indexed,registration,28,5448,1364,390087,394171,4424,4084
registered,4,4,indexed,warm_cache_hit,2,42,42,394975,394975,42,0
registered,4,4,baseline,match_cache_miss,36,5687,5120,393531,394098,1336,567
registered,4,4,baseline,registration,22,4564,1120,390087,393531,3540,3444
registered,4,4,baseline,warm_cache_hit,2,42,42,394335,394335,42,0
registered,4,5,baseline,match_cache_miss,36,5687,5120,393531,394098,1336,567
registered,4,5,baseline,registration,22,4564,1120,390087,393531,3540,3444
registered,4,5,baseline,warm_cache_hit,2,42,42,394335,394335,42,0
registered,4,5,indexed,match_cache_miss,40,5991,5424,394171,394738,1568,567
registered,4,5,indexed,registration,28,5448,1364,390087,394171,4424,4084
registered,4,5,indexed,warm_cache_hit,2,42,42,394975,394975,42,0
registered,16,1,baseline,match_cache_miss,122,24365,23288,1566928,1568005,5362,1077
registered,16,1,baseline,registration,52,14770,6208,1558366,1566928,8946,8562
registered,16,1,baseline,warm_cache_hit,2,43,43,1568244,1568244,43,0
registered,16,1,indexed,match_cache_miss,136,22107,21030,1569158,1570235,5594,1077
registered,16,1,indexed,registration,72,18644,7852,1558366,1569158,11176,10792
registered,16,1,indexed,warm_cache_hit,2,43,43,1570474,1570474,43,0
registered,16,2,indexed,match_cache_miss,136,22107,21030,1569158,1570235,5594,1077
registered,16,2,indexed,registration,72,18644,7852,1558366,1569158,11176,10792
registered,16,2,indexed,warm_cache_hit,2,43,43,1570474,1570474,43,0
registered,16,2,baseline,match_cache_miss,122,24365,23288,1566928,1568005,5362,1077
registered,16,2,baseline,registration,52,14770,6208,1558366,1566928,8946,8562
registered,16,2,baseline,warm_cache_hit,2,43,43,1568244,1568244,43,0
registered,16,3,baseline,match_cache_miss,122,24365,23288,1566928,1568005,5362,1077
registered,16,3,baseline,registration,52,14770,6208,1558366,1566928,8946,8562
registered,16,3,baseline,warm_cache_hit,2,43,43,1568244,1568244,43,0
registered,16,3,indexed,match_cache_miss,136,22107,21030,1569158,1570235,5594,1077
registered,16,3,indexed,registration,72,18644,7852,1558366,1569158,11176,10792
registered,16,3,indexed,warm_cache_hit,2,43,43,1570474,1570474,43,0
registered,16,4,indexed,match_cache_miss,136,22107,21030,1569158,1570235,5594,1077
registered,16,4,indexed,registration,72,18644,7852,1558366,1569158,11176,10792
registered,16,4,indexed,warm_cache_hit,2,43,43,1570474,1570474,43,0
registered,16,4,baseline,match_cache_miss,122,24365,23288,1566928,1568005,5362,1077
registered,16,4,baseline,registration,52,14770,6208,1558366,1566928,8946,8562
registered,16,4,baseline,warm_cache_hit,2,43,43,1568244,1568244,43,0
registered,16,5,baseline,match_cache_miss,122,24365,23288,1566928,1568005,5362,1077
registered,16,5,baseline,registration,52,14770,6208,1558366,1566928,8946,8562
registered,16,5,baseline,warm_cache_hit,2,43,43,1568244,1568244,43,0
registered,16,5,indexed,match_cache_miss,136,22107,21030,1569158,1570235,5594,1077
registered,16,5,indexed,registration,72,18644,7852,1558366,1569158,11176,10792
registered,16,5,indexed,warm_cache_hit,2,43,43,1570474,1570474,43,0
registered,64,1,baseline,match_cache_miss,460,99197,96056,6260560,6263701,21538,3141
registered,64,1,baseline,registration,154,55618,26560,6231502,6260560,30594,29058
registered,64,1,baseline,warm_cache_hit,2,43,43,6263940,6263940,43,0
registered,64,1,indexed,match_cache_miss,520,86715,83574,6269174,6272315,21770,3141
registered,64,1,indexed,registration,224,71380,33708,6231502,6269174,39208,37672
registered,64,1,indexed,warm_cache_hit,2,43,43,6272554,6272554,43,0
registered,64,2,indexed,match_cache_miss,520,86715,83574,6269174,6272315,21770,3141
registered,64,2,indexed,registration,224,71380,33708,6231502,6269174,39208,37672
registered,64,2,indexed,warm_cache_hit,2,43,43,6272554,6272554,43,0
registered,64,2,baseline,match_cache_miss,460,99197,96056,6260560,6263701,21538,3141
registered,64,2,baseline,registration,154,55618,26560,6231502,6260560,30594,29058
registered,64,2,baseline,warm_cache_hit,2,43,43,6263940,6263940,43,0
registered,64,3,baseline,match_cache_miss,460,99197,96056,6260560,6263701,21538,3141
registered,64,3,baseline,registration,154,55618,26560,6231502,6260560,30594,29058
registered,64,3,baseline,warm_cache_hit,2,43,43,6263940,6263940,43,0
registered,64,3,indexed,match_cache_miss,520,86715,83574,6269174,6272315,21770,3141
registered,64,3,indexed,registration,224,71380,33708,6231502,6269174,39208,37672
registered,64,3,indexed,warm_cache_hit,2,43,43,6272554,6272554,43,0
registered,64,4,indexed,match_cache_miss,520,86715,83574,6269174,6272315,21770,3141
registered,64,4,indexed,registration,224,71380,33708,6231502,6269174,39208,37672
registered,64,4,indexed,warm_cache_hit,2,43,43,6272554,6272554,43,0
registered,64,4,baseline,match_cache_miss,460,99197,96056,6260560,6263701,21538,3141
registered,64,4,baseline,registration,154,55618,26560,6231502,6260560,30594,29058
registered,64,4,baseline,warm_cache_hit,2,43,43,6263940,6263940,43,0
registered,64,5,baseline,match_cache_miss,460,99197,96056,6260560,6263701,21538,3141
registered,64,5,baseline,registration,154,55618,26560,6231502,6260560,30594,29058
registered,64,5,baseline,warm_cache_hit,2,43,43,6263940,6263940,43,0
registered,64,5,indexed,match_cache_miss,520,86715,83574,6269174,6272315,21770,3141
registered,64,5,indexed,registration,224,71380,33708,6231502,6269174,39208,37672
registered,64,5,indexed,warm_cache_hit,2,43,43,6272554,6272554,43,0
registered,128,1,baseline,match_cache_miss,909,199113,193192,12518793,12524714,43190,5921
registered,128,1,baseline,registration,285,110110,53696,12462379,12518793,59486,56414
registered,128,1,baseline,warm_cache_hit,2,44,44,12524955,12524955,44,0
registered,128,1,indexed,match_cache_miss,1032,173027,167106,12535947,12541868,43422,5921
registered,128,1,indexed,registration,420,141724,68156,12462379,12535947,76640,73568
registered,128,1,indexed,warm_cache_hit,2,44,44,12542109,12542109,44,0
registered,128,2,indexed,match_cache_miss,1032,173027,167106,12535947,12541868,43422,5921
registered,128,2,indexed,registration,420,141724,68156,12462379,12535947,76640,73568
registered,128,2,indexed,warm_cache_hit,2,44,44,12542109,12542109,44,0
registered,128,2,baseline,match_cache_miss,909,199113,193192,12518793,12524714,43190,5921
registered,128,2,baseline,registration,285,110110,53696,12462379,12518793,59486,56414
registered,128,2,baseline,warm_cache_hit,2,44,44,12524955,12524955,44,0
registered,128,3,baseline,match_cache_miss,909,199113,193192,12518793,12524714,43190,5921
registered,128,3,baseline,registration,285,110110,53696,12462379,12518793,59486,56414
registered,128,3,baseline,warm_cache_hit,2,44,44,12524955,12524955,44,0
registered,128,3,indexed,match_cache_miss,1032,173027,167106,12535947,12541868,43422,5921
registered,128,3,indexed,registration,420,141724,68156,12462379,12535947,76640,73568
registered,128,3,indexed,warm_cache_hit,2,44,44,12542109,12542109,44,0
registered,128,4,indexed,match_cache_miss,1032,173027,167106,12535947,12541868,43422,5921
registered,128,4,indexed,registration,420,141724,68156,12462379,12535947,76640,73568
registered,128,4,indexed,warm_cache_hit,2,44,44,12542109,12542109,44,0
registered,128,4,baseline,match_cache_miss,909,199113,193192,12518793,12524714,43190,5921
registered,128,4,baseline,registration,285,110110,53696,12462379,12518793,59486,56414
registered,128,4,baseline,warm_cache_hit,2,44,44,12524955,12524955,44,0
registered,128,5,baseline,match_cache_miss,909,199113,193192,12518793,12524714,43190,5921
registered,128,5,baseline,registration,285,110110,53696,12462379,12518793,59486,56414
registered,128,5,baseline,warm_cache_hit,2,44,44,12524955,12524955,44,0
registered,128,5,indexed,match_cache_miss,1032,173027,167106,12535947,12541868,43422,5921
registered,128,5,indexed,registration,420,141724,68156,12462379,12535947,76640,73568
registered,128,5,indexed,warm_cache_hit,2,44,44,12542109,12542109,44,0
registered,240,1,baseline,match_cache_miss,1689,381306,381306,23426025,23426025,84982,0
registered,240,1,baseline,registration,509,115934,56384,23366475,23426025,65310,59550
registered,240,1,baseline,warm_cache_hit,2,44,44,23426574,23426574,44,0
registered,240,1,indexed,match_cache_miss,1923,324052,324052,23460011,23460011,81502,0
registered,240,1,indexed,registration,757,178988,85452,23366475,23460011,112824,93536
registered,240,1,indexed,warm_cache_hit,2,44,44,23460560,23460560,44,0
registered,240,2,indexed,match_cache_miss,1923,324052,324052,23460011,23460011,81502,0
registered,240,2,indexed,registration,757,178988,85452,23366475,23460011,112824,93536
registered,240,2,indexed,warm_cache_hit,2,44,44,23460560,23460560,44,0
registered,240,2,baseline,match_cache_miss,1689,381306,381306,23426025,23426025,84982,0
registered,240,2,baseline,registration,509,115934,56384,23366475,23426025,65310,59550
registered,240,2,baseline,warm_cache_hit,2,44,44,23426574,23426574,44,0
registered,240,3,baseline,match_cache_miss,1689,381306,381306,23426025,23426025,84982,0
registered,240,3,baseline,registration,509,115934,56384,23366475,23426025,65310,59550
registered,240,3,baseline,warm_cache_hit,2,44,44,23426574,23426574,44,0
registered,240,3,indexed,match_cache_miss,1923,324052,324052,23460011,23460011,81502,0
registered,240,3,indexed,registration,757,178988,85452,23366475,23460011,112824,93536
registered,240,3,indexed,warm_cache_hit,2,44,44,23460560,23460560,44,0
registered,240,4,indexed,match_cache_miss,1923,324052,324052,23460011,23460011,81502,0
registered,240,4,indexed,registration,757,178988,85452,23366475,23460011,112824,93536
registered,240,4,indexed,warm_cache_hit,2,44,44,23460560,23460560,44,0
registered,240,4,baseline,match_cache_miss,1689,381306,381306,23426025,23426025,84982,0
registered,240,4,baseline,registration,509,115934,56384,23366475,23426025,65310,59550
registered,240,4,baseline,warm_cache_hit,2,44,44,23426574,23426574,44,0
registered,240,5,baseline,match_cache_miss,1689,381306,381306,23426025,23426025,84982,0
registered,240,5,baseline,registration,509,115934,56384,23366475,23426025,65310,59550
registered,240,5,baseline,warm_cache_hit,2,44,44,23426574,23426574,44,0
registered,240,5,indexed,match_cache_miss,1923,324052,324052,23460011,23460011,81502,0
registered,240,5,indexed,registration,757,178988,85452,23366475,23460011,112824,93536
registered,240,5,indexed,warm_cache_hit,2,44,44,23460560,23460560,44,0
native,1,1,baseline,match_cache_miss,14,1537,1033,101504,102008,1076,504
native,1,1,baseline,registration,25,4644,1156,98016,101504,3700,3488
native,1,1,baseline,warm_cache_hit,2,43,43,102051,102051,43,0
native,1,1,indexed,match_cache_miss,15,1556,1052,101716,102220,1076,504
native,1,1,indexed,registration,26,4856,1156,98016,101716,3820,3700
native,1,1,indexed,warm_cache_hit,2,43,43,102263,102263,43,0
native,1,2,indexed,match_cache_miss,15,1556,1052,101716,102220,1076,504
native,1,2,indexed,registration,26,4856,1156,98016,101716,3820,3700
native,1,2,indexed,warm_cache_hit,2,43,43,102263,102263,43,0
native,1,2,baseline,match_cache_miss,14,1537,1033,101504,102008,1076,504
native,1,2,baseline,registration,25,4644,1156,98016,101504,3700,3488
native,1,2,baseline,warm_cache_hit,2,43,43,102051,102051,43,0
native,1,3,baseline,match_cache_miss,14,1537,1033,101504,102008,1076,504
native,1,3,baseline,registration,25,4644,1156,98016,101504,3700,3488
native,1,3,baseline,warm_cache_hit,2,43,43,102051,102051,43,0
native,1,3,indexed,match_cache_miss,15,1556,1052,101716,102220,1076,504
native,1,3,indexed,registration,26,4856,1156,98016,101716,3820,3700
native,1,3,indexed,warm_cache_hit,2,43,43,102263,102263,43,0
native,1,4,indexed,match_cache_miss,15,1556,1052,101716,102220,1076,504
native,1,4,indexed,registration,26,4856,1156,98016,101716,3820,3700
native,1,4,indexed,warm_cache_hit,2,43,43,102263,102263,43,0
native,1,4,baseline,match_cache_miss,14,1537,1033,101504,102008,1076,504
native,1,4,baseline,registration,25,4644,1156,98016,101504,3700,3488
native,1,4,baseline,warm_cache_hit,2,43,43,102051,102051,43,0
native,1,5,baseline,match_cache_miss,14,1537,1033,101504,102008,1076,504
native,1,5,baseline,registration,25,4644,1156,98016,101504,3700,3488
native,1,5,baseline,warm_cache_hit,2,43,43,102051,102051,43,0
native,1,5,indexed,match_cache_miss,15,1556,1052,101716,102220,1076,504
native,1,5,indexed,registration,26,4856,1156,98016,101716,3820,3700
native,1,5,indexed,warm_cache_hit,2,43,43,102263,102263,43,0
native,4,1,baseline,match_cache_miss,17,1594,1090,394270,394774,1133,504
native,4,1,baseline,registration,55,10408,6096,389958,394270,4716,4312
native,4,1,baseline,warm_cache_hit,2,43,43,394817,394817,43,0
native,4,1,indexed,match_cache_miss,18,1613,1109,394582,395086,1133,504
native,4,1,indexed,registration,57,10836,6212,389958,394582,4932,4624
native,4,1,indexed,warm_cache_hit,2,43,43,395129,395129,43,0
native,4,2,indexed,match_cache_miss,18,1613,1109,394582,395086,1133,504
native,4,2,indexed,registration,57,10836,6212,389958,394582,4932,4624
native,4,2,indexed,warm_cache_hit,2,43,43,395129,395129,43,0
native,4,2,baseline,match_cache_miss,17,1594,1090,394270,394774,1133,504
native,4,2,baseline,registration,55,10408,6096,389958,394270,4716,4312
native,4,2,baseline,warm_cache_hit,2,43,43,394817,394817,43,0
native,4,3,baseline,match_cache_miss,17,1594,1090,394270,394774,1133,504
native,4,3,baseline,registration,55,10408,6096,389958,394270,4716,4312
native,4,3,baseline,warm_cache_hit,2,43,43,394817,394817,43,0
native,4,3,indexed,match_cache_miss,18,1613,1109,394582,395086,1133,504
native,4,3,indexed,registration,57,10836,6212,389958,394582,4932,4624
native,4,3,indexed,warm_cache_hit,2,43,43,395129,395129,43,0
native,4,4,indexed,match_cache_miss,18,1613,1109,394582,395086,1133,504
native,4,4,indexed,registration,57,10836,6212,389958,394582,4932,4624
native,4,4,indexed,warm_cache_hit,2,43,43,395129,395129,43,0
native,4,4,baseline,match_cache_miss,17,1594,1090,394270,394774,1133,504
native,4,4,baseline,registration,55,10408,6096,389958,394270,4716,4312
native,4,4,baseline,warm_cache_hit,2,43,43,394817,394817,43,0
native,4,5,baseline,match_cache_miss,17,1594,1090,394270,394774,1133,504
native,4,5,baseline,registration,55,10408,6096,389958,394270,4716,4312
native,4,5,baseline,warm_cache_hit,2,43,43,394817,394817,43,0
native,4,5,indexed,match_cache_miss,18,1613,1109,394582,395086,1133,504
native,4,5,indexed,registration,57,10836,6212,389958,394582,4932,4624
native,4,5,indexed,warm_cache_hit,2,43,43,395129,395129,43,0
native,16,1,baseline,match_cache_miss,31,7390,6886,1568471,1568975,4145,504
native,16,1,baseline,registration,181,52024,41280,1557727,1568471,11224,10744
native,16,1,baseline,warm_cache_hit,2,43,43,1569018,1569018,43,0
native,16,1,indexed,match_cache_miss,32,7409,6905,1569383,1569887,4145,504
native,16,1,indexed,registration,185,53684,42028,1557727,1569383,12136,11656
native,16,1,indexed,warm_cache_hit,2,43,43,1569930,1569930,43,0
native,16,2,indexed,match_cache_miss,32,7409,6905,1569383,1569887,4145,504
native,16,2,indexed,registration,185,53684,42028,1557727,1569383,12136,11656
native,16,2,indexed,warm_cache_hit,2,43,43,1569930,1569930,43,0
native,16,2,baseline,match_cache_miss,31,7390,6886,1568471,1568975,4145,504
native,16,2,baseline,registration,181,52024,41280,1557727,1568471,11224,10744
native,16,2,baseline,warm_cache_hit,2,43,43,1569018,1569018,43,0
native,16,3,baseline,match_cache_miss,31,7390,6886,1568471,1568975,4145,504
native,16,3,baseline,registration,181,52024,41280,1557727,1568471,11224,10744
native,16,3,baseline,warm_cache_hit,2,43,43,1569018,1569018,43,0
native,16,3,indexed,match_cache_miss,32,7409,6905,1569383,1569887,4145,504
native,16,3,indexed,registration,185,53684,42028,1557727,1569383,12136,11656
native,16,3,indexed,warm_cache_hit,2,43,43,1569930,1569930,43,0
native,16,4,indexed,match_cache_miss,32,7409,6905,1569383,1569887,4145,504
native,16,4,indexed,registration,185,53684,42028,1557727,1569383,12136,11656
native,16,4,indexed,warm_cache_hit,2,43,43,1569930,1569930,43,0
native,16,4,baseline,match_cache_miss,31,7390,6886,1568471,1568975,4145,504
native,16,4,baseline,registration,181,52024,41280,1557727,1568471,11224,10744
native,16,4,baseline,warm_cache_hit,2,43,43,1569018,1569018,43,0
native,16,5,baseline,match_cache_miss,31,7390,6886,1568471,1568975,4145,504
native,16,5,baseline,registration,181,52024,41280,1557727,1568471,11224,10744
native,16,5,baseline,warm_cache_hit,2,43,43,1569018,1569018,43,0
native,16,5,indexed,match_cache_miss,32,7409,6905,1569383,1569887,4145,504
native,16,5,indexed,registration,185,53684,42028,1557727,1569383,12136,11656
native,16,5,indexed,warm_cache_hit,2,43,43,1569930,1569930,43,0
native,64,1,baseline,match_cache_miss,82,45422,44918,6263735,6264239,31041,504
native,64,1,baseline,registration,715,484728,449792,6228799,6263735,36568,34936
native,64,1,baseline,warm_cache_hit,2,43,43,6264282,6264282,43,0
native,64,1,indexed,match_cache_miss,83,45441,44937,6267047,6267551,31041,504
native,64,1,indexed,registration,721,491220,452972,6228799,6267047,39880,38248
native,64,1,indexed,warm_cache_hit,2,43,43,6267594,6267594,43,0
native,64,2,indexed,match_cache_miss,83,45441,44937,6267047,6267551,31041,504
native,64,2,indexed,registration,721,491220,452972,6228799,6267047,39880,38248
native,64,2,indexed,warm_cache_hit,2,43,43,6267594,6267594,43,0
native,64,2,baseline,match_cache_miss,82,45422,44918,6263735,6264239,31041,504
native,64,2,baseline,registration,715,484728,449792,6228799,6263735,36568,34936
native,64,2,baseline,warm_cache_hit,2,43,43,6264282,6264282,43,0
native,64,3,baseline,match_cache_miss,82,45422,44918,6263735,6264239,31041,504
native,64,3,baseline,registration,715,484728,449792,6228799,6263735,36568,34936
native,64,3,baseline,warm_cache_hit,2,43,43,6264282,6264282,43,0
native,64,3,indexed,match_cache_miss,83,45441,44937,6267047,6267551,31041,504
native,64,3,indexed,registration,721,491220,452972,6228799,6267047,39880,38248
native,64,3,indexed,warm_cache_hit,2,43,43,6267594,6267594,43,0
native,64,4,indexed,match_cache_miss,83,45441,44937,6267047,6267551,31041,504
native,64,4,indexed,registration,721,491220,452972,6228799,6267047,39880,38248
native,64,4,indexed,warm_cache_hit,2,43,43,6267594,6267594,43,0
native,64,4,baseline,match_cache_miss,82,45422,44918,6263735,6264239,31041,504
native,64,4,baseline,registration,715,484728,449792,6228799,6263735,36568,34936
native,64,4,baseline,warm_cache_hit,2,43,43,6264282,6264282,43,0
native,64,5,baseline,match_cache_miss,82,45422,44918,6263735,6264239,31041,504
native,64,5,baseline,registration,715,484728,449792,6228799,6263735,36568,34936
native,64,5,baseline,warm_cache_hit,2,43,43,6264282,6264282,43,0
native,64,5,indexed,match_cache_miss,83,45441,44937,6267047,6267551,31041,504
native,64,5,indexed,registration,721,491220,452972,6228799,6267047,39880,38248
native,64,5,indexed,warm_cache_hit,2,43,43,6267594,6267594,43,0
native,128,1,baseline,match_cache_miss,147,91182,90678,12524088,12524592,61953,504
native,128,1,baseline,registration,1422,1673336,1606144,12456896,12524088,70360,67192
native,128,1,baseline,warm_cache_hit,2,43,43,12524635,12524635,43,0
native,128,1,indexed,match_cache_miss,148,91201,90697,12530600,12531104,61953,504
native,128,1,indexed,registration,1429,1686244,1612540,12456896,12530600,76872,73704
native,128,1,indexed,warm_cache_hit,2,43,43,12531147,12531147,43,0
native,128,2,indexed,match_cache_miss,148,91201,90697,12530600,12531104,61953,504
native,128,2,indexed,registration,1429,1686244,1612540,12456896,12530600,76872,73704
native,128,2,indexed,warm_cache_hit,2,43,43,12531147,12531147,43,0
native,128,2,baseline,match_cache_miss,147,91182,90678,12524088,12524592,61953,504
native,128,2,baseline,registration,1422,1673336,1606144,12456896,12524088,70360,67192
native,128,2,baseline,warm_cache_hit,2,43,43,12524635,12524635,43,0
native,128,3,baseline,match_cache_miss,147,91182,90678,12524088,12524592,61953,504
native,128,3,baseline,registration,1422,1673336,1606144,12456896,12524088,70360,67192
native,128,3,baseline,warm_cache_hit,2,43,43,12524635,12524635,43,0
native,128,3,indexed,match_cache_miss,148,91201,90697,12530600,12531104,61953,504
native,128,3,indexed,registration,1429,1686244,1612540,12456896,12530600,76872,73704
native,128,3,indexed,warm_cache_hit,2,43,43,12531147,12531147,43,0
native,128,4,indexed,match_cache_miss,148,91201,90697,12530600,12531104,61953,504
native,128,4,indexed,registration,1429,1686244,1612540,12456896,12530600,76872,73704
native,128,4,indexed,warm_cache_hit,2,43,43,12531147,12531147,43,0
native,128,4,baseline,match_cache_miss,147,91182,90678,12524088,12524592,61953,504
native,128,4,baseline,registration,1422,1673336,1606144,12456896,12524088,70360,67192
native,128,4,baseline,warm_cache_hit,2,43,43,12524635,12524635,43,0
native,128,5,baseline,match_cache_miss,147,91182,90678,12524088,12524592,61953,504
native,128,5,baseline,registration,1422,1673336,1606144,12456896,12524088,70360,67192
native,128,5,baseline,warm_cache_hit,2,43,43,12524635,12524635,43,0
native,128,5,indexed,match_cache_miss,148,91201,90697,12530600,12531104,61953,504
native,128,5,indexed,registration,1429,1686244,1612540,12456896,12530600,76872,73704
native,128,5,indexed,warm_cache_hit,2,43,43,12531147,12531147,43,0
native,240,1,baseline,match_cache_miss,260,178686,178182,23436440,23436944,119761,504
native,240,1,baseline,registration,2654,5498808,5418432,23356064,23436440,119564,80376
native,240,1,baseline,warm_cache_hit,2,43,43,23436987,23436987,43,0
native,240,1,indexed,match_cache_miss,261,178705,178201,23449352,23449856,119761,504
native,240,1,indexed,registration,2662,5524532,5431244,23356064,23449352,132476,93288
native,240,1,indexed,warm_cache_hit,2,43,43,23449899,23449899,43,0
native,240,2,indexed,match_cache_miss,261,178705,178201,23449352,23449856,119761,504
native,240,2,indexed,registration,2662,5524532,5431244,23356064,23449352,132476,93288
native,240,2,indexed,warm_cache_hit,2,43,43,23449899,23449899,43,0
native,240,2,baseline,match_cache_miss,260,178686,178182,23436440,23436944,119761,504
native,240,2,baseline,registration,2654,5498808,5418432,23356064,23436440,119564,80376
native,240,2,baseline,warm_cache_hit,2,43,43,23436987,23436987,43,0
native,240,3,baseline,match_cache_miss,260,178686,178182,23436440,23436944,119761,504
native,240,3,baseline,registration,2654,5498808,5418432,23356064,23436440,119564,80376
native,240,3,baseline,warm_cache_hit,2,43,43,23436987,23436987,43,0
native,240,3,indexed,match_cache_miss,261,178705,178201,23449352,23449856,119761,504
native,240,3,indexed,registration,2662,5524532,5431244,23356064,23449352,132476,93288
native,240,3,indexed,warm_cache_hit,2,43,43,23449899,23449899,43,0
native,240,4,indexed,match_cache_miss,261,178705,178201,23449352,23449856,119761,504
native,240,4,indexed,registration,2662,5524532,5431244,23356064,23449352,132476,93288
native,240,4,indexed,warm_cache_hit,2,43,43,23449899,23449899,43,0
native,240,4,baseline,match_cache_miss,260,178686,178182,23436440,23436944,119761,504
native,240,4,baseline,registration,2654,5498808,5418432,23356064,23436440,119564,80376
native,240,4,baseline,warm_cache_hit,2,43,43,23436987,23436987,43,0
native,240,5,baseline,match_cache_miss,260,178686,178182,23436440,23436944,119761,504
native,240,5,baseline,registration,2654,5498808,5418432,23356064,23436440,119564,80376
native,240,5,baseline,warm_cache_hit,2,43,43,23436987,23436987,43,0
native,240,5,indexed,match_cache_miss,261,178705,178201,23449352,23449856,119761,504
native,240,5,indexed,registration,2662,5524532,5431244,23356064,23449352,132476,93288
native,240,5,indexed,warm_cache_hit,2,43,43,23449899,23449899,43,0
